opid,time_of_day,phase_of_flt,operator,state,ac_mass,num_engs,height,speed,birds_struck
AAL,Night,Descent,AMERICAN AIRLINES,IL,4,2,7000,250,1
AAL,Day,Approach,AMERICAN AIRLINES,TN,4,3,400,140,1
AAL,Day,Climb,AMERICAN AIRLINES,VA,4,2,100,200,1
AAL,Day,Climb,AMERICAN AIRLINES,SC,4,2,50,170,1
NWA,Night,En Route,NORTHWEST AIRLINES,NE,4,2,4000,230,1
AAL,Day,Approach,AMERICAN AIRLINES,UT,4,3,200,130,1
MTR,Dusk,Approach,METROFLIGHT,TX,2,2,3000,130,1
AAL,Day,Approach,AMERICAN AIRLINES,TN,4,2,200,150,1
MTR,Day,Approach,METROFLIGHT,AR,2,2,300,150,1
AAL,Day,Climb,AMERICAN AIRLINES,FL,4,2,300,125,1
AAL,Day,Take-off run,AMERICAN AIRLINES,FL,4,2,300,125,1
AAL,Night,Climb,AMERICAN AIRLINES,GA,4,3,300,160,1
USA,Night,Climb,US AIRWAYS,NY,4,2,800,160,1
BUS,Night,Approach,BUSINESS,ID,1,1,1000,175,1
BUS,Dusk,Take-off run,BUSINESS,NJ,3,3,800,175,1
MRK,Day,Approach,MARKAIR,AK,4,2,500,140,1
AAL,Day,Descent,AMERICAN AIRLINES,TX,4,2,5500,240,1
PVT,Day,Approach,PRIVATELY OWNED,CA,1,1,20,85,1
AAL,Day,Approach,AMERICAN AIRLINES,TN,4,3,300,140,1
USA,Dusk,Approach,US AIRWAYS,NY,4,2,500,129,1
AAL,Night,Approach,AMERICAN AIRLINES,NE,4,2,600,140,1
BUS,Day,Descent,BUSINESS,AK,1,1,100,80,1
COA,Day,Approach,CONTINENTAL AIRLINES,FL,4,3,400,138,1
UPS,Night,Approach,UPS AIRLINES,NY,4,3,500,130,1
MEP,Day,Approach,MIDWEST AIRLINES,WI,4,2,100,125,1
USA,Dusk,Climb,US AIRWAYS,OH,4,2,30,140,1
USA,Day,Approach,US AIRWAYS,VA,4,2,50,125,1
DAL,Day,Approach,DELTA AIR LINES,KY,4,3,3000,180,1
AAL,Day,Approach,AMERICAN AIRLINES,NC,4,2,400,130,1
AAL,Day,Climb,AMERICAN AIRLINES,IL,4,3,2500,330,1
BUS,Day,Climb,BUSINESS,NC,2,2,30,100,1
NWA,Day,Climb,NORTHWEST AIRLINES,WA,4,3,2000,200,1
USA,Night,Climb,US AIRWAYS,NY,4,2,60,230,1
0E,Day,Descent,0SHVILLE EAGLE,NY,3,2,2500,190,1
AAL,Night,Approach,AMERICAN AIRLINES,TX,4,2,3500,180,1
SWA,Night,Approach,SOUTHWEST AIRLINES,TX,4,2,4000,250,1
PVT,Day,Approach,PRIVATELY OWNED,SC,1,1,950,85,1
USA,Night,Descent,US AIRWAYS,TX,4,2,10000,250,1
AMW,Night,Descent,AIR MIDWEST,IN,2,2,4500,245,1
EGF,Day,Climb,AMERICAN EAGLE AIRLINES,NY,3,2,100,160,1
ABX,Dawn,Approach,ABX AIR (was AIRBORNE EXPRESS),FL,4,2,4000,210,1
AAL,Night,Approach,AMERICAN AIRLINES,TX,4,2,5000,250,1
0E,Night,Approach,0SHVILLE EAGLE,NC,2,2,5000,160,1
BLR,Day,Approach,ATLANTIC COAST AIRLINES,DC,3,2,50,125,1
0E,Day,Approach,0SHVILLE EAGLE,NC,3,2,200,110,1
USA,Night,Approach,US AIRWAYS,NJ,4,2,3000,210,1
BUS,Day,Approach,BUSINESS,PA,3,2,50,100,1
UNK,Day,Climb,UNKNOWN,IL,2,2,100,110,1
UPS,Night,Approach,UPS AIRLINES,VA,4,3,2000,125,1
GAA,Day,Approach,BUSINESS EXPRESS,NY,3,2,500,140,1
COA,Dusk,Climb,CONTINENTAL AIRLINES,PA,4,2,40,160,1
AAL,Night,Approach,AMERICAN AIRLINES,NY,4,2,1000,140,1
AAL,Day,Approach,AMERICAN AIRLINES,TN,4,2,800,160,1
AAL,Day,Approach,AMERICAN AIRLINES,GA,4,2,250,133,1
AAL,Day,Approach,AMERICAN AIRLINES,FL,4,2,1500,200,1
AAL,Day,Approach,AMERICAN AIRLINES,FL,4,2,30,142,1
BUS,Night,Approach,BUSINESS,NE,1,1,500,90,1
BUS,Day,Climb,BUSINESS,CT,1,1,10,70,1
USA,Day,Approach,US AIRWAYS,MO,4,2,1000,140,1
BUS,Day,Climb,BUSINESS,MI,1,1,20,80,1
ASQ,Dusk,Approach,ATLANTIC SOUTHEAST,TN,3,2,2000,120,1
AAL,Day,Approach,AMERICAN AIRLINES,NY,4,3,200,160,1
USA,Day,Climb,US AIRWAYS,OH,4,2,200,160,1
H0,Day,Approach,HENSON,FL,3,2,100,100,1
COA,Day,Approach,CONTINENTAL AIRLINES,NY,4,2,10,127,1
AJC,Night,Approach,BAR HARBOR AIRLINES,FL,3,2,20,120,1
AAL,Day,Approach,AMERICAN AIRLINES,MS,4,2,1000,145,1
SDU,Day,Approach,WESTAIR COMMUTER,CA,4,4,10,110,1
BUS,Day,Approach,BUSINESS,NE,1,1,4,65,1
H0,Day,Approach,HENSON,FL,3,2,2600,130,1
UAL,Day,Approach,UNITED AIRLINES,VA,4,2,10,120,1
AAL,Day,Climb,AMERICAN AIRLINES,UT,4,2,200,150,1
BUS,Dusk,Approach,BUSINESS,NY,1,1,20,80,1
BUS,Day,Approach,BUSINESS,RI,3,2,100,120,1
EPS,Day,Approach,EPPS AVIATION CHARTER,GA,1,1,1,70,1
USA,Night,Climb,US AIRWAYS,DC,4,2,5000,250,1
AAL,Night,Approach,AMERICAN AIRLINES,TN,4,3,500,140,1
MDW,Night,Descent,MIDWAY AIRLINES,NV,4,2,14000,300,1
SWA,Day,Approach,SOUTHWEST AIRLINES,CA,4,2,150,130,1
AWE,Dawn,Approach,AMERICA WEST AIRLINES,MA,4,2,100,130,1
FSX,Day,Approach,FLAGSHIP EXPRESS,NC,3,2,1500,150,1
SWA,Day,Approach,SOUTHWEST AIRLINES,TX,4,2,500,145,1
BUS,Day,0,BUSINESS,IN,2,2,800,140,1
EGF,Day,Approach,AMERICAN EAGLE AIRLINES,MI,3,2,10,100,1
USA,Day,Climb,US AIRWAYS,FL,4,2,7500,250,1
PVT,Day,Approach,PRIVATELY OWNED,IA,1,1,30,65,1
UPS,Night,Approach,UPS AIRLINES,NY,4,3,500,100,1
GPE,Night,En Route,GP EXPRESS AIRLINES,NE,2,2,7000,180,1
ABL,Dawn,Approach,AIR BC,WA,3,2,3000,200,1
AAL,Day,Climb,AMERICAN AIRLINES,FL,4,3,500,160,1
AAL,Day,Approach,AMERICAN AIRLINES,TX,4,2,5000,210,1
DAL,Day,Climb,DELTA AIR LINES,KY,4,2,100,100,1
AAL,Day,Approach,AMERICAN AIRLINES,TN,4,2,100,135,1
AAL,Day,Climb,AMERICAN AIRLINES,TX,4,2,6000,250,1
CTL,Day,Approach,CENTRAL AIR SOUTHWEST,NE,2,2,400,120,1
COA,Night,Approach,CONTINENTAL AIRLINES,NJ,4,2,4000,160,1
HAL,Day,Climb,HAWAIIAN AIR,HI,4,2,50,150,1
AAL,Day,Approach,AMERICAN AIRLINES,TX,4,3,3000,180,1
PXX,Night,Approach,PAN AM EXPRESS,DC,3,4,50,80,1
PVT,Day,Approach,PRIVATELY OWNED,CA,1,1,500,70,1
PVT,Day,En Route,PRIVATELY OWNED,UT,1,1,9000,140,1
COM,Night,Approach,COMAIR AIRLINES,AL,3,2,2600,150,1
USA,Day,Take-off run,US AIRWAYS,WV,4,2,2300,130,1
USA,Day,Approach,US AIRWAYS,FL,4,2,400,100,1
UAL,Day,Approach,UNITED AIRLINES,PA,4,3,100,80,1
USA,Night,Climb,US AIRWAYS,NC,4,2,500,146,1
AAL,Day,Climb,AMERICAN AIRLINES,TN,4,3,75,170,1
UNK,Night,Approach,UNKNOWN,GA,1,2,800,110,1
USA,Day,Climb,US AIRWAYS,NY,4,2,50,160,1
BTA,Day,Climb,EXPRESSJET (CONTINENTAL EXPRS),PA,3,2,200,115,1
AAL,Night,Approach,AMERICAN AIRLINES,IL,4,2,4000,180,1
UNK,Day,Approach,UNKNOWN,TN,3,2,500,120,1
JAL,Day,Climb,JAPAN AIRLINES,WA,5,4,3000,180,1
AAL,Day,Approach,AMERICAN AIRLINES,PA,4,2,100,122,1
CNE,Day,Approach,AIR TORONTO,PA,3,2,5,115,1
0E,Day,Approach,0SHVILLE EAGLE,WI,3,4,10,106,1
MEP,Night,Approach,MIDWEST AIRLINES,NJ,4,2,4480,180,1
EGF,Dusk,Approach,AMERICAN EAGLE AIRLINES,TN,3,2,15,115,1
SKW,Day,Approach,SKYWEST AIRLINES,CA,2,2,50,120,1
CTL,Night,Approach,CENTRAL AIR SOUTHWEST,MO,2,2,50,100,1
BUS,Day,Approach,BUSINESS,FL,1,1,50,60,1
AAL,Night,Approach,AMERICAN AIRLINES,GA,4,3,3,140,1
EGF,Night,Approach,AMERICAN EAGLE AIRLINES,DC,3,2,1800,180,1
SWA,Night,Approach,SOUTHWEST AIRLINES,CA,4,2,150,125,1
TWA,Night,Approach,TRANS WORLD AIRLINES,NE,4,3,3000,230,1
MRK,Day,Approach,MARKAIR,AK,4,2,400,130,1
AAL,Day,Climb,AMERICAN AIRLINES,OK,4,2,9200,250,1
PAA,Day,Approach,PAN AM,PA,4,3,50,130,1
PVT,Day,Climb,PRIVATELY OWNED,KY,1,1,10,75,1
PAA,Day,Climb,PAN AM,FL,4,3,1300,200,1
SWA,Day,Approach,SOUTHWEST AIRLINES,CA,4,2,10,135,1
BUS,Day,Approach,BUSINESS,CA,3,2,50,110,1
USA,Day,Approach,US AIRWAYS,FL,4,2,10,135,1
MTN,Night,En Route,MOUNTAIN AIR CARGO,PA,2,1,5000,160,1
AAL,Dusk,Approach,AMERICAN AIRLINES,TN,4,3,200,125,1
BUS,Day,Climb,BUSINESS,WI,2,2,100,120,1
LOF,Day,Climb,TRANS STATES AIRLINES,MO,2,2,200,160,1
SWA,Night,Approach,SOUTHWEST AIRLINES,TX,4,2,700,135,1
SWA,Day,Landing Roll,SOUTHWEST AIRLINES,TX,4,2,100,120,1
AAL,Night,Approach,AMERICAN AIRLINES,TX,4,2,1500,170,1
AWE,Day,Approach,AMERICA WEST AIRLINES,CA,4,2,800,120,1
AAL,Day,Climb,AMERICAN AIRLINES,CA,4,2,50,130,1
PVT,Day,En Route,PRIVATELY OWNED,AK,1,1,1000,120,1
BUS,Day,Approach,BUSINESS,PA,2,2,1100,140,1
PVT,Day,Approach,PRIVATELY OWNED,ID,1,1,10,70,1
USA,Day,Climb,US AIRWAYS,MI,4,2,3000,230,1
ALO,Day,Approach,ALLEGHENYAIRLINES,DC,3,2,900,140,1
AAL,Night,Approach,AMERICAN AIRLINES,IL,4,2,1600,170,1
JAL,Day,Approach,JAPAN AIRLINES,WA,5,4,1700,170,1
AAL,Day,Approach,AMERICAN AIRLINES,TX,4,2,300,128,1
AAL,Day,Approach,AMERICAN AIRLINES,TX,4,3,400,160,1
AAL,Day,Approach,AMERICAN AIRLINES,TX,4,2,400,140,1
AAL,Night,Approach,AMERICAN AIRLINES,NY,4,2,10,140,1
COM,Night,Descent,COMAIR AIRLINES,VA,3,2,3400,200,1
UAL,Day,Approach,UNITED AIRLINES,DC,4,2,2000,160,1
AAL,Day,Climb,AMERICAN AIRLINES,IL,4,3,3000,210,1
SWA,Night,Climb,SOUTHWEST AIRLINES,OK,4,2,1000,180,1
AJT,Day,Approach,AMERIJET INTL,MS,4,3,110,250,1
SWA,Day,Approach,SOUTHWEST AIRLINES,OK,4,2,50,135,1
ASQ,Day,Approach,ATLANTIC SOUTHEAST,VA,3,2,10,100,1
PVT,Day,Approach,PRIVATELY OWNED,CO,1,1,450,85,1
BUS,Day,Approach,BUSINESS,MI,2,2,30,90,1
AAL,Day,Approach,AMERICAN AIRLINES,IL,4,3,200,145,1
BUS,Day,Approach,BUSINESS,TX,3,2,4000,200,1
MDW,Day,Approach,MIDWAY AIRLINES,IL,4,2,300,135,1
AAL,Day,Approach,AMERICAN AIRLINES,LA,4,3,400,155,1
USA,Day,Climb,US AIRWAYS,OH,4,2,20,155,1
USA,Day,Approach,US AIRWAYS,MD,4,2,15,135,1
AAL,Day,Approach,AMERICAN AIRLINES,CO,4,3,5600,120,1
AAL,Night,Approach,AMERICAN AIRLINES,NC,4,3,4000,160,1
DAL,Day,Climb,DELTA AIR LINES,UT,4,2,20,150,1
PVT,Day,Climb,PRIVATELY OWNED,CA,1,1,200,70,1
0E,Night,Approach,0SHVILLE EAGLE,TN,2,2,1500,160,1
AAL,Day,Approach,AMERICAN AIRLINES,QC,4,2,800,135,1
UNK,Day,Climb,UNKNOWN,DC,3,2,1400,170,1
AAL,Day,Approach,AMERICAN AIRLINES,IL,4,2,280,135,1
UNK,Day,Approach,UNKNOWN,IL,1,1,100,85,1
FDX,Day,Approach,FEDEX EXPRESS,NJ,4,3,30,125,1
UNK,Night,Climb,UNKNOWN,MD,3,2,6000,180,1
BUS,Dusk,Climb,BUSINESS,PA,1,1,15,70,1
USA,Day,Approach,US AIRWAYS,NY,4,2,50,140,1
FLG,Day,Approach,PIN0CLE (FORMERLY EXPSAIRL 1),AL,3,2,1,115,1
AAL,Day,Approach,AMERICAN AIRLINES,TN,4,2,10,123,1
AAL,Day,Climb,AMERICAN AIRLINES,TX,4,3,15000,300,1
AAL,Day,Approach,AMERICAN AIRLINES,TX,4,2,400,130,1
BUS,Day,En Route,BUSINESS,NY,2,2,400,125,1
UAL,Night,Approach,UNITED AIRLINES,CA,4,2,100,130,1
AWE,Night,Climb,AMERICA WEST AIRLINES,NV,4,2,7500,230,1
AAL,Day,Approach,AMERICAN AIRLINES,TN,4,2,200,140,1
PXX,Day,Approach,PAN AM EXPRESS,NY,3,2,2000,180,1
HAL,Night,Approach,HAWAIIAN AIR,CA,4,3,2200,180,1
SWA,Night,Approach,SOUTHWEST AIRLINES,TX,4,2,3000,180,1
0E,Day,Approach,0SHVILLE EAGLE,TN,3,2,100,100,1
AAL,Night,Descent,AMERICAN AIRLINES,CA,4,2,10500,270,1
DAL,Night,Climb,DELTA AIR LINES,KY,4,3,6000,250,1
USA,Dawn,Climb,US AIRWAYS,OR,4,2,200,160,1
AAL,Day,Approach,AMERICAN AIRLINES,TX,4,2,50,130,1
BUS,Day,Approach,BUSINESS,NE,3,2,1500,160,1
UCA,Day,Approach,COMMUTAIR,NY,3,2,50,100,1
PAA,Dusk,Approach,PAN AM,NY,4,3,3,140,1
AAL,Night,Approach,AMERICAN AIRLINES,TX,4,3,200,135,1
AAL,Night,Approach,AMERICAN AIRLINES,OR,4,2,300,140,1
PVT,Day,En Route,PRIVATELY OWNED,NH,1,1,2000,120,1
DAL,Day,Approach,DELTA AIR LINES,GA,4,3,300,140,1
SPA,Night,Approach,SIERRA PACIFIC AIRLINES,UT,4,2,2000,190,1
AAL,Night,Approach,AMERICAN AIRLINES,AL,4,2,1000,125,1
USA,Day,Climb,US AIRWAYS,PA,4,2,50,140,1
CHQ,Day,Approach,CHAUTAUQUA AIRLINES,VA,3,2,20,120,1
DAL,Day,Approach,DELTA AIR LINES,AL,4,2,200,135,1
UPS,Night,Approach,UPS AIRLINES,KY,4,2,2100,170,1
USA,Night,Approach,US AIRWAYS,SC,4,2,1000,135,1
AAL,Day,Approach,AMERICAN AIRLINES,TX,4,2,1600,170,1
AAL,Dawn,Approach,AMERICAN AIRLINES,TN,4,2,1000,150,1
AAL,Night,Approach,AMERICAN AIRLINES,DC,4,2,700,125,1
AAL,Day,Approach,AMERICAN AIRLINES,IL,4,2,400,140,1
AAL,Night,Climb,AMERICAN AIRLINES,IL,4,2,500,150,1
SDU,Night,Approach,WESTAIR COMMUTER,WA,2,2,800,140,1
AWE,Day,Approach,AMERICA WEST AIRLINES,MO,4,2,2300,180,1
UAL,Night,Approach,UNITED AIRLINES,DC,4,3,400,140,1
AAL,Dusk,Approach,AMERICAN AIRLINES,NC,4,3,200,130,1
AAL,Day,Approach,AMERICAN AIRLINES,IL,4,2,2500,210,1
PVT,Day,Approach,PRIVATELY OWNED,IL,1,1,20,85,1
BTA,Day,Approach,EXPRESSJET (CONTINENTAL EXPRS),LA,3,2,75,105,1
SWA,Day,Approach,SOUTHWEST AIRLINES,CA,4,2,100,138,1
UPS,Night,Descent,UPS AIRLINES,GA,4,2,8000,245,1
BUS,Day,Approach,BUSINESS,FL,1,1,200,80,1
BTA,Dawn,Approach,EXPRESSJET (CONTINENTAL EXPRS),TX,3,2,1500,125,1
PHM,Night,En Route,PETROLEUM HELICOPTERS,PA,2,2,1700,140,1
EGF,Night,Approach,AMERICAN EAGLE AIRLINES,IL,3,2,1840,135,1
BUS,Day,Climb,BUSINESS,OH,3,2,20,140,1
AAL,Day,Climb,AMERICAN AIRLINES,TX,4,2,10,145,1
BUS,Day,Approach,BUSINESS,WA,2,2,100,95,1
AAL,Day,Approach,AMERICAN AIRLINES,AZ,4,3,2900,180,1
H0,Day,Approach,HENSON,DC,3,2,10,120,1
AAL,Day,Climb,AMERICAN AIRLINES,KS,4,3,500,140,1
AWB,Day,Climb,AIRWAYS INTL,FL,2,2,700,110,1
BUS,Day,Approach,BUSINESS,NH,1,2,40,110,1
AAL,Night,Descent,AMERICAN AIRLINES,AL,4,2,6500,220,1
ALO,Day,Approach,ALLEGHENYAIRLINES,NY,3,2,100,135,1
AAL,Day,Climb,AMERICAN AIRLINES,TX,4,2,35,155,1
SDU,Day,Climb,WESTAIR COMMUTER,CA,2,2,200,130,1
MDW,Day,Approach,MIDWAY AIRLINES,IL,4,2,60,140,1
AAL,Day,Approach,AMERICAN AIRLINES,TX,4,3,50,140,1
SWA,Day,Climb,SOUTHWEST AIRLINES,TX,4,2,100,145,1
UNK,Day,Approach,UNKNOWN,FL,2,2,550,77,1
AMW,Dawn,Approach,AIR MIDWEST,MO,3,2,1500,220,1
AAL,Day,Approach,AMERICAN AIRLINES,TN,4,3,300,170,1
PAA,Day,En Route,PAN AM,FL,4,3,16000,280,1
UAL,Day,Approach,UNITED AIRLINES,IL,4,3,200,140,1
AAL,Day,Approach,AMERICAN AIRLINES,TX,4,3,1000,150,1
AAL,Day,Climb,AMERICAN AIRLINES,LA,4,3,40,140,1
AAL,Night,Climb,AMERICAN AIRLINES,NC,4,2,2500,210,1
PVT,Night,Approach,PRIVATELY OWNED,WA,1,1,800,120,1
AAL,Day,Climb,AMERICAN AIRLINES,IL,4,3,20,160,1
PVT,Day,Climb,PRIVATELY OWNED,PA,1,1,5,65,1
BUS,Day,Climb,BUSINESS,CT,1,1,300,80,1
AAL,Day,Climb,AMERICAN AIRLINES,CA,4,2,100,140,1
AAL,Day,Approach,AMERICAN AIRLINES,TX,4,3,300,132,1
DAL,Day,Approach,DELTA AIR LINES,RI,4,2,50,140,1
PVT,Day,Approach,PRIVATELY OWNED,MA,1,1,50,65,1
BUS,Day,Climb,BUSINESS,PA,3,2,200,190,1
MDW,Day,Climb,MIDWAY AIRLINES,NJ,4,2,100,180,1
AAL,Night,Climb,AMERICAN AIRLINES,NY,4,3,100,150,1
UNK,Day,Approach,UNKNOWN,DC,2,2,400,125,1
AAL,Night,Approach,AMERICAN AIRLINES,OH,4,2,300,135,1
AAL,Night,Approach,AMERICAN AIRLINES,TX,4,3,300,150,1
AAL,Day,Climb,AMERICAN AIRLINES,OR,4,2,2500,200,1
USA,Day,Climb,US AIRWAYS,OH,4,2,10,180,1
AAL,Day,Approach,AMERICAN AIRLINES,MN,4,3,1,130,1
BUS,Day,Climb,BUSINESS,IL,1,1,50,65,1
AAL,Night,Approach,AMERICAN AIRLINES,NC,4,2,1500,150,1
UNK,Night,Approach,UNKNOWN,CA,1,1,1500,125,1
AAL,Night,Approach,AMERICAN AIRLINES,TX,4,3,600,150,1
DAL,Night,Approach,DELTA AIR LINES,GA,4,2,2900,180,1
USA,Day,Climb,US AIRWAYS,VA,4,2,490,140,1
CDL,Day,Descent,CCAIR,NC,3,2,50,100,1
USA,Night,Approach,US AIRWAYS,RI,4,2,300,135,1
USA,Day,Approach,US AIRWAYS,CA,4,4,500,115,1
AAL,Night,Climb,AMERICAN AIRLINES,LA,4,2,50,150,1
PVT,Dawn,En Route,PRIVATELY OWNED,IA,1,1,2500,96,1
BUS,Night,Climb,BUSINESS,MN,3,2,800,190,1
AAL,Night,Descent,AMERICAN AIRLINES,CO,4,2,5000,250,1
AAL,Night,Climb,AMERICAN AIRLINES,NC,4,3,6000,250,1
AAL,Day,Approach,AMERICAN AIRLINES,CA,4,3,20,140,1
USA,Day,Climb,US AIRWAYS,PA,4,2,3700,220,1
AAL,Night,Approach,AMERICAN AIRLINES,NE,4,3,800,150,1
USA,Day,Approach,US AIRWAYS,LA,4,2,30,125,1
HAL,Night,Approach,HAWAIIAN AIR,HI,4,2,15,125,1
SDU,Night,Descent,WESTAIR COMMUTER,CA,3,2,2750,210,1
SWA,Night,Descent,SOUTHWEST AIRLINES,TX,4,2,15000,320,1
H0,Day,0,HENSON,NC,3,2,30,105,1
BVN,Night,Climb,BARON AVIATION SERVICES,OH,1,1,150,75,1
UNK,Day,Climb,UNKNOWN,WA,1,1,500,80,1
0E,Night,Approach,0SHVILLE EAGLE,NC,2,2,1400,140,1
SWA,Night,Climb,SOUTHWEST AIRLINES,TX,4,2,5000,250,1
MTR,Day,Approach,METROFLIGHT,AR,3,2,50,135,1
DAL,Night,Approach,DELTA AIR LINES,PA,4,2,1000,150,1
AAL,Day,Climb,AMERICAN AIRLINES,FL,4,3,14000,300,1
UAL,Night,Approach,UNITED AIRLINES,MN,4,3,2500,170,1
AAL,Day,Approach,AMERICAN AIRLINES,IL,4,3,5,140,1
AAL,Day,Approach,AMERICAN AIRLINES,NY,4,3,300,150,1
BUS,Night,Approach,BUSINESS,IA,2,2,1600,110,1
DAL,Day,Climb,DELTA AIR LINES,CA,4,2,10,140,1
AAL,Night,Descent,AMERICAN AIRLINES,NY,4,3,6000,180,1
SDU,Day,En Route,WESTAIR COMMUTER,CA,2,2,10000,180,1
H0,Day,Approach,HENSON,MD,3,2,1600,170,1
PVT,Day,Climb,PRIVATELY OWNED,IL,1,1,100,70,1
UPS,Day,Approach,UPS AIRLINES,KY,4,4,200,140,1
PVT,Day,Climb,PRIVATELY OWNED,MI,1,1,150,90,1
PDT,Night,Descent,PIEDMONT AIRLINES,NE,3,2,3400,240,1
EAL,Day,Approach,EASTERN AIRLINE,GA,4,3,800,145,1
AAL,Night,Approach,AMERICAN AIRLINES,TX,4,2,900,140,1
DAL,Night,Approach,DELTA AIR LINES,TN,4,2,1200,140,1
AAL,Day,Climb,AMERICAN AIRLINES,OK,4,3,800,150,1
AAL,Night,Approach,AMERICAN AIRLINES,TX,4,2,300,140,1
PVT,Day,En Route,PRIVATELY OWNED,MD,1,1,1400,96,1
EGF,Night,En Route,AMERICAN EAGLE AIRLINES,NY,3,2,4000,170,1
SWA,Day,Climb,SOUTHWEST AIRLINES,TX,4,2,5,150,1
AMT,Night,Approach,ATA AIRLINES (AMERICAN TRANS A,IN,4,3,800,120,1
UNK,Day,Climb,UNKNOWN,MA,2,2,3500,180,1
JAL,Day,Approach,JAPAN AIRLINES,WA,4,4,600,160,1
ASA,Day,Approach,ALASKA AIRLINES,CA,4,2,100,130,1
AAL,Night,Approach,AMERICAN AIRLINES,IL,4,2,3750,170,1
PVT,Day,Approach,PRIVATELY OWNED,DC,2,2,50,90,1
AAL,Day,Climb,AMERICAN AIRLINES,AZ,4,3,1000,200,1
UNK,Day,Approach,UNKNOWN,IL,3,2,150,130,1
BUS,Day,Climb,BUSINESS,WA,1,1,90,60,1
SWA,Night,Climb,SOUTHWEST AIRLINES,CA,4,2,500,180,1
USA,Night,Descent,US AIRWAYS,DC,4,2,1400,170,1
AAL,Night,Approach,AMERICAN AIRLINES,MI,4,3,2000,200,1
AAL,Day,Approach,AMERICAN AIRLINES,KY,4,3,200,126,1
PVT,Night,Approach,PRIVATELY OWNED,CT,1,1,10,70,1
USA,Night,Approach,US AIRWAYS,VA,4,2,2000,170,1
AAL,Dusk,Climb,AMERICAN AIRLINES,RI,4,2,1500,200,1
USA,Day,Approach,US AIRWAYS,TN,4,2,4000,210,1
USA,Day,Descent,US AIRWAYS,PA,4,2,4000,250,1
UNK,Night,Climb,UNKNOWN,SD,2,2,6000,111,1
UAL,Day,Approach,UNITED AIRLINES,CA,4,2,200,130,1
COA,Day,Approach,CONTINENTAL AIRLINES,NJ,4,2,1150,180,1
PVT,Day,Approach,PRIVATELY OWNED,TX,1,1,960,100,1
BUS,Day,Climb,BUSINESS,ND,3,4,50,160,1
AAL,Night,Approach,AMERICAN AIRLINES,DC,4,3,3000,250,1
SWA,Day,Approach,SOUTHWEST AIRLINES,AZ,4,2,750,135,1
AAL,Day,Climb,AMERICAN AIRLINES,VI,4,3,50,130,1
PAA,Night,Approach,PAN AM,FL,4,2,1000,160,1
TWA,Day,Descent,TRANS WORLD AIRLINES,MO,4,2,6200,230,1
AAL,Night,Approach,AMERICAN AIRLINES,VA,4,2,2000,250,1
TWA,Day,Descent,TRANS WORLD AIRLINES,MO,4,3,2900,160,1
UAL,Night,Descent,UNITED AIRLINES,CA,4,3,6300,250,1
GAA,Night,Climb,BUSINESS EXPRESS,MA,3,2,500,135,1
PVT,Day,Climb,PRIVATELY OWNED,NY,1,1,1000,85,1
UNK,Day,Climb,UNKNOWN,TX,1,2,1000,100,1
PVT,Day,Climb,PRIVATELY OWNED,NC,3,2,35,100,1
USA,Day,Climb,US AIRWAYS,DC,4,2,3500,250,1
SWA,Day,Climb,SOUTHWEST AIRLINES,TN,4,2,100,160,1
AAL,Night,Approach,AMERICAN AIRLINES,VI,4,3,50,135,1
AJC,Day,Climb,BAR HARBOR AIRLINES,FL,2,2,2200,200,1
BUS,Day,Approach,BUSINESS,WV,2,2,50,110,1
BUS,Night,Climb,BUSINESS,TX,1,1,300,70,1
UNK,Day,Approach,UNKNOWN,NC,2,2,60,105,1
USA,Day,Approach,US AIRWAYS,CA,4,4,10,120,1
SDU,Day,Approach,WESTAIR COMMUTER,CA,3,2,200,120,1
AAL,Night,Approach,AMERICAN AIRLINES,NY,4,2,100,128,1
AAL,Dusk,Approach,AMERICAN AIRLINES,CA,4,2,50,125,1
TPY,Day,Approach,TRANS-PROVENCIAL,AK,3,2,7,70,1
USA,Day,Approach,US AIRWAYS,FL,4,2,1500,140,1
PVT,Night,Approach,PRIVATELY OWNED,CA,2,2,5,90,1
AWE,Night,Approach,AMERICA WEST AIRLINES,CA,4,2,5000,210,1
AAL,Day,Climb,AMERICAN AIRLINES,IA,4,3,50,150,1
AAL,Night,Approach,AMERICAN AIRLINES,NY,4,2,2000,180,1
DAL,Day,Approach,DELTA AIR LINES,NY,4,2,50,145,1
AAL,Night,En Route,AMERICAN AIRLINES,GA,4,3,10000,310,1
AAL,Night,Approach,AMERICAN AIRLINES,FL,4,2,1600,160,1
USA,Day,Approach,US AIRWAYS,NY,4,2,200,140,1
AAL,Day,Approach,AMERICAN AIRLINES,NC,4,2,5,140,1
USA,Day,Approach,US AIRWAYS,NC,4,2,20,134,1
AAL,Day,Approach,AMERICAN AIRLINES,TX,4,2,20,120,1
HAL,Day,Climb,HAWAIIAN AIR,HI,4,2,13,100,1
SKW,Day,Climb,SKYWEST AIRLINES,CA,2,2,700,130,1
SWA,Night,Climb,SOUTHWEST AIRLINES,CA,4,2,2000,210,1
BTA,Dusk,Approach,EXPRESSJET (CONTINENTAL EXPRS),TX,3,2,2000,140,1
USA,Day,Descent,US AIRWAYS,NC,4,2,6000,250,1
DAL,Day,Approach,DELTA AIR LINES,UT,4,2,20,150,1
UPS,Dawn,Approach,UPS AIRLINES,AL,4,3,300,130,1
PVT,Night,Approach,PRIVATELY OWNED,GA,1,1,1300,120,1
USA,Day,Approach,US AIRWAYS,PR,4,2,200,140,1
AAL,Day,Climb,AMERICAN AIRLINES,CA,4,2,100,160,1
PVT,Day,Approach,PRIVATELY OWNED,NC,1,1,300,70,1
BUS,Day,Approach,BUSINESS,FL,1,2,50,90,1
RAA,Day,Approach,RYNES AVIATION,AK,3,2,10,100,1
FLG,Night,Approach,PIN0CLE (FORMERLY EXPSAIRL 1),AR,2,2,200,140,1
AAL,Night,Approach,AMERICAN AIRLINES,FL,4,2,2000,210,1
NWA,Day,Approach,NORTHWEST AIRLINES,DC,4,2,200,130,1
AAL,Day,Climb,AMERICAN AIRLINES,TX,4,2,100,150,1
COM,Dawn,Climb,COMAIR AIRLINES,LA,3,2,50,85,1
FDX,Night,Approach,FEDEX EXPRESS,DC,4,3,2000,190,1
PVT,Night,Climb,PRIVATELY OWNED,MO,1,1,200,70,1
SWA,Day,Approach,SOUTHWEST AIRLINES,TX,4,2,3000,200,1
EGF,Night,Descent,AMERICAN EAGLE AIRLINES,TN,2,2,3600,240,1
EGF,Dusk,Approach,AMERICAN EAGLE AIRLINES,VA,3,2,300,115,1
DAL,Night,Approach,DELTA AIR LINES,NY,4,2,4500,220,1
PVT,Day,Climb,PRIVATELY OWNED,MI,1,1,20,80,1
MDW,Day,Approach,MIDWAY AIRLINES,MO,4,2,10,130,1
USA,Day,Approach,US AIRWAYS,OH,4,2,500,140,1
USA,Day,Approach,US AIRWAYS,PA,4,2,200,140,1
USA,Day,Climb,US AIRWAYS,NY,4,2,5,130,1
AAL,Day,Climb,AMERICAN AIRLINES,MS,4,2,1500,200,1
CKE,Dawn,Approach,CORPORATE AVIATION SVCS,NE,2,2,900,170,1
GOV,Night,Climb,GOVERNMENT,MD,2,1,950,90,1
AAL,Dusk,Approach,AMERICAN AIRLINES,FL,4,2,500,130,1
UPS,Night,Descent,UPS AIRLINES,CA,4,2,9000,210,1
JAL,Day,Climb,JAPAN AIRLINES,WA,5,4,500,160,1
HAL,Day,Climb,HAWAIIAN AIR,HI,4,2,100,120,1
PVT,Day,Climb,PRIVATELY OWNED,GA,1,1,125,65,1
DAL,Day,Climb,DELTA AIR LINES,NY,4,2,100,155,1
AAL,Dawn,Approach,AMERICAN AIRLINES,TX,4,2,10,133,1
AAL,Dusk,Climb,AMERICAN AIRLINES,SC,4,2,200,130,1
AAL,Day,Climb,AMERICAN AIRLINES,NY,4,2,2400,190,1
AAL,Day,Approach,AMERICAN AIRLINES,TX,4,2,1500,180,1
AAL,Day,Approach,AMERICAN AIRLINES,CA,4,2,100,135,1
AAL,Night,Approach,AMERICAN AIRLINES,NY,4,3,400,131,1
SWA,Day,Approach,SOUTHWEST AIRLINES,TX,4,2,25,135,1
AAL,Day,Climb,AMERICAN AIRLINES,NY,4,3,3000,200,1
BUS,Day,Climb,BUSINESS,SD,2,2,25,110,1
BUS,Dusk,Approach,BUSINESS,HI,3,3,50,120,1
PHM,Night,Climb,PETROLEUM HELICOPTERS,LA,3,2,200,140,1
AAH*,Day,Climb,ALOHA AIRLINES,HI,4,2,750,205,1
UNK,Night,Climb,UNKNOWN,OK,4,2,1000,160,1
AAL,Day,Approach,AMERICAN AIRLINES,GA,4,2,1000,150,1
SWA,Day,Descent,SOUTHWEST AIRLINES,MI,4,2,5000,210,1
DAL,Night,Approach,DELTA AIR LINES,VA,4,2,500,160,1
AAL,Night,Climb,AMERICAN AIRLINES,IL,4,3,1500,175,1
UAL,Night,Approach,UNITED AIRLINES,DC,5,4,1700,150,1
AAL,Night,Approach,AMERICAN AIRLINES,NY,4,2,4000,250,1
USA,Day,Approach,US AIRWAYS,RI,4,2,100,100,1
SWA,Day,Climb,SOUTHWEST AIRLINES,CA,4,2,150,165,1
UNK,Day,Approach,UNKNOWN,CA,1,1,500,65,1
BUS,Night,Approach,BUSINESS,FL,1,1,1000,110,1
PVT,Day,Climb,PRIVATELY OWNED,TN,3,2,500,190,1
BUS,Day,Climb,BUSINESS,FL,2,2,75,130,1
AAL,Night,Climb,AMERICAN AIRLINES,KY,4,2,1700,200,1
AAL,Day,Climb,AMERICAN AIRLINES,LA,4,3,500,170,1
AMT,Day,Climb,ATA AIRLINES (AMERICAN TRANS A,IN,4,2,250,150,1
NWA,Day,Climb,NORTHWEST AIRLINES,WA,4,3,1000,250,1
AAL,Day,Climb,AMERICAN AIRLINES,OH,4,2,300,140,1
BUS,Day,En Route,BUSINESS,FL,1,1,800,140,1
USA,Day,Climb,US AIRWAYS,PA,4,2,5,150,1
BUS,Night,Descent,BUSINESS,AL,2,2,3000,150,1
AAH*,Night,Approach,ALOHA AIRLINES,HI,4,2,50,140,1
USA,Dusk,Approach,US AIRWAYS,NY,4,2,50,130,1
AAL,Night,Climb,AMERICAN AIRLINES,TX,4,2,4000,240,1
AAL,Day,Climb,AMERICAN AIRLINES,TX,4,2,60,150,1
AAL,Day,Climb,AMERICAN AIRLINES,CA,4,2,400,140,1
WWM,Day,Approach,WINGS WEST,CA,3,2,1500,140,1
EAL,Night,Approach,EASTERN AIRLINE,MO,4,2,4000,200,1
AAL,Night,Approach,AMERICAN AIRLINES,IA,4,2,800,140,1
TWA,Day,Climb,TRANS WORLD AIRLINES,GA,4,3,200,190,1
AAL,Night,Approach,AMERICAN AIRLINES,MO,4,2,90,140,1
COA,Dusk,Approach,CONTINENTAL AIRLINES,GA,4,2,200,115,1
UAL,Day,Approach,UNITED AIRLINES,CA,4,2,20,125,1
AAL,Day,Approach,AMERICAN AIRLINES,MO,4,2,4900,210,1
AAL,Day,Climb,AMERICAN AIRLINES,TN,4,2,600,130,1
AAL,Day,Approach,AMERICAN AIRLINES,NC,4,3,500,130,1
SWA,Night,Approach,SOUTHWEST AIRLINES,TX,4,2,3950,250,1
BUS,Day,Approach,BUSINESS,NJ,2,2,2000,140,1
AAL,Day,Climb,AMERICAN AIRLINES,TX,4,3,250,155,1
USA,Day,Climb,US AIRWAYS,PA,4,2,3000,250,1
H0,Day,Approach,HENSON,NC,3,2,500,115,1
USA,Day,Approach,US AIRWAYS,NY,4,2,150,160,1
COA,Night,Approach,CONTINENTAL AIRLINES,NJ,4,2,1500,190,1
AAL,Day,Approach,AMERICAN AIRLINES,TX,4,3,3000,180,1
UNK,Day,Climb,UNKNOWN,AL,1,1,10,90,1
AAL,Day,Approach,AMERICAN AIRLINES,TX,4,2,200,130,1
USA,Night,Approach,US AIRWAYS,AR,4,2,800,130,1
USA,Day,Descent,US AIRWAYS,TN,4,2,9000,250,1
EGF,Night,Approach,AMERICAN EAGLE AIRLINES,OH,3,2,1000,160,1
NWA,Day,Climb,NORTHWEST AIRLINES,MS,4,2,2000,150,1
AAL,Day,Approach,AMERICAN AIRLINES,IL,4,2,200,150,1
AAL,Night,Approach,AMERICAN AIRLINES,NY,4,2,1000,140,1
PXX,Day,Climb,PAN AM EXPRESS,FL,2,2,50,130,1
UPS,Night,Approach,UPS AIRLINES,KY,4,4,600,142,1
AAL,Night,Approach,AMERICAN AIRLINES,LA,4,2,2000,160,1
AAL,Day,Climb,AMERICAN AIRLINES,LA,4,2,200,140,1
EGF,Day,Climb,AMERICAN EAGLE AIRLINES,CA,2,2,5,107,1
SWA,Day,Climb,SOUTHWEST AIRLINES,TX,4,2,10,140,1
PVT,Night,En Route,PRIVATELY OWNED,FL,1,1,2000,100,1
AAL,Night,Approach,AMERICAN AIRLINES,FL,4,2,6000,220,1
UAL,Day,Approach,UNITED AIRLINES,DC,4,2,300,135,1
FDX,Day,Approach,FEDEX EXPRESS,TN,4,3,1200,146,1
CDL,Day,Approach,CCAIR,NC,3,2,10,100,1
SYM,Day,0,SIMMONS AVIATN,IA,3,2,50,130,1
AAL,Day,Climb,AMERICAN AIRLINES,OK,4,2,35,150,1
UNK,Day,Approach,UNKNOWN,NJ,1,2,25,85,1
AAL,Day,Climb,AMERICAN AIRLINES,LA,4,2,100,135,1
BUS,Night,En Route,BUSINESS,VA,2,2,7500,180,1
AAL,Day,Climb,AMERICAN AIRLINES,TX,4,2,2000,200,1
AAL,Night,Approach,AMERICAN AIRLINES,AL,4,2,1900,170,1
AAL,Dawn,Climb,AMERICAN AIRLINES,MO,4,2,30,140,1
USA,Night,Approach,US AIRWAYS,PA,4,2,600,170,1
AAL,Night,Descent,AMERICAN AIRLINES,MD,4,3,5000,230,1
MDW,Night,Approach,MIDWAY AIRLINES,MO,4,2,3000,200,1
BUS,Day,Climb,BUSINESS,GA,2,2,640,90,1
BUS,Day,Approach,BUSINESS,CT,1,1,2,60,1
AAL,Night,Approach,AMERICAN AIRLINES,TX,4,2,6000,250,1
RLT,Day,Approach,RELIANT AIRLINES,PA,3,2,50,125,1
USA,Night,Climb,US AIRWAYS,KY,4,2,2500,180,1
AAL,Day,Approach,AMERICAN AIRLINES,TN,4,3,200,140,1
SWA,Night,Approach,SOUTHWEST AIRLINES,AZ,4,2,3100,200,1
PVT,Day,Approach,PRIVATELY OWNED,NH,1,1,1800,150,1
BUS,Night,Climb,BUSINESS,CT,3,2,100,130,1
UNK,Dusk,Approach,UNKNOWN,NY,2,2,100,120,1
UAL,Night,Approach,UNITED AIRLINES,DC,4,3,300,140,1
BUS,Day,Approach,BUSINESS,OH,1,2,40,102,1
COA,Night,Approach,CONTINENTAL AIRLINES,GA,4,3,5,131,1
QXE,Night,Approach,HORIZON AIR,ID,3,2,1500,160,1
AAL,Day,Approach,AMERICAN AIRLINES,CA,4,2,400,130,1
AAL,Night,Climb,AMERICAN AIRLINES,FL,4,2,100,160,1
AAL,Day,Approach,AMERICAN AIRLINES,TN,4,3,1300,140,1
AAL,Night,Approach,AMERICAN AIRLINES,CT,4,2,800,130,1
USA,Day,Approach,US AIRWAYS,PA,4,2,30,142,1
AAL,Night,Approach,AMERICAN AIRLINES,NY,4,2,2000,160,1
USA,Night,Approach,US AIRWAYS,NY,4,2,2000,200,1
AAL,Day,Climb,AMERICAN AIRLINES,IL,4,2,100,135,1
AAL,Day,Climb,AMERICAN AIRLINES,IL,4,2,3330,250,1
BUS,Day,Climb,BUSINESS,TX,1,1,500,70,1
PVT,Day,Approach,PRIVATELY OWNED,AL,2,2,300,115,1
WWM,Day,Approach,WINGS WEST,CA,2,2,100,140,1
USA,Dusk,Approach,US AIRWAYS,VA,4,2,1300,127,1
BUS,Day,Climb,BUSINESS,PA,1,1,500,65,1
AAL,Day,Approach,AMERICAN AIRLINES,TX,4,2,3300,170,1
AAL,Day,Climb,AMERICAN AIRLINES,NY,4,3,2200,210,1
USA,Night,Climb,US AIRWAYS,ME,4,2,350,180,1
AAL,Day,Approach,AMERICAN AIRLINES,FL,4,2,500,140,1
USA,Night,Climb,US AIRWAYS,MD,4,2,100,165,1
NWA,Day,Approach,NORTHWEST AIRLINES,DC,4,2,50,135,1
AAL,Night,Approach,AMERICAN AIRLINES,FL,4,3,3000,210,1
BLR,Night,Climb,ATLANTIC COAST AIRLINES,DC,3,2,8300,185,1
DAL,Day,Approach,DELTA AIR LINES,GA,4,2,10,130,1
WWM,Night,Approach,WINGS WEST,CA,2,2,2500,150,1
UPS,Night,Climb,UPS AIRLINES,KY,4,3,3000,230,1
BUS,Day,Approach,BUSINESS,NC,2,2,2000,170,1
AAL,Day,Approach,AMERICAN AIRLINES,NY,4,2,20,135,1
BUS,Day,Approach,BUSINESS,OH,3,2,200,130,1
AAL,Day,Climb,AMERICAN AIRLINES,CA,4,2,3000,250,1
SDU,Day,Approach,WESTAIR COMMUTER,CA,3,2,20,115,1
SDU,Night,Climb,WESTAIR COMMUTER,CA,3,2,640,140,1
USA,Day,Climb,US AIRWAYS,NC,4,2,50,160,1
AAL,Day,Approach,AMERICAN AIRLINES,VA,4,2,50,130,1
BUS,Day,Climb,BUSINESS,NC,2,2,50,115,1
UPS,Day,Approach,UPS AIRLINES,NY,4,4,200,145,1
AAL,Day,Approach,AMERICAN AIRLINES,IL,4,3,50,130,1
AAL,Night,Approach,AMERICAN AIRLINES,TX,4,3,11000,250,1
USC,Night,Descent,AIRNET EXPRESS,IA,2,2,5500,165,1
BUS,Day,Approach,BUSINESS,FL,3,2,50,100,1
UPS,Night,Descent,UPS AIRLINES,OK,4,2,2500,210,1
AAL,Night,Approach,AMERICAN AIRLINES,NE,4,2,1500,180,1
PVT,Day,Approach,PRIVATELY OWNED,LA,1,1,200,65,1
AAL,Day,Approach,AMERICAN AIRLINES,TN,4,3,20,120,1
BUS,Day,Climb,BUSINESS,FL,2,2,300,106,1
UAL,Day,Approach,UNITED AIRLINES,NJ,5,4,500,150,1
PVT,Night,Approach,PRIVATELY OWNED,IN,1,1,200,70,1
AAL,Night,Approach,AMERICAN AIRLINES,AL,4,2,500,130,1
BTA,Night,En Route,EXPRESSJET (CONTINENTAL EXPRS),TX,3,2,8000,220,1
AAL,Night,Approach,AMERICAN AIRLINES,NY,4,3,400,140,1
AAL,Day,Approach,AMERICAN AIRLINES,NC,4,2,800,150,1
AAL,Night,Approach,AMERICAN AIRLINES,OH,4,2,2350,180,1
AAL,Night,Approach,AMERICAN AIRLINES,KS,4,3,3000,160,1
AAL,Night,Approach,AMERICAN AIRLINES,NY,4,2,1200,150,1
USA,Night,Climb,US AIRWAYS,NY,4,2,400,160,1
AAL,Day,Approach,AMERICAN AIRLINES,LA,4,2,200,140,1
USA,Day,Climb,US AIRWAYS,NY,4,2,1500,180,1
UNK,Day,Climb,UNKNOWN,NY,2,2,150,110,1
AAL,Night,Climb,AMERICAN AIRLINES,TX,4,2,3400,200,1
AAL,Night,Approach,AMERICAN AIRLINES,TX,4,2,100,140,1
AAL,Day,Climb,AMERICAN AIRLINES,NY,4,2,5,130,1
AAL,Day,Approach,AMERICAN AIRLINES,MO,4,2,45,140,1
TWA,Night,Descent,TRANS WORLD AIRLINES,MO,4,3,11000,250,1
NWA,Day,Approach,NORTHWEST AIRLINES,OR,4,2,200,145,1
BUS,Day,Approach,BUSINESS,OH,2,2,3,90,1
MES,Day,Approach,MESABA AIRLINES,MN,2,2,400,130,1
AAL,Day,Approach,AMERICAN AIRLINES,TX,4,2,100,130,1
UPS,Night,Climb,UPS AIRLINES,IA,4,2,8000,250,1
AAL,Night,Approach,AMERICAN AIRLINES,NY,4,2,500,130,1
PVT,Day,Approach,PRIVATELY OWNED,FL,2,2,400,140,1
USA,Dawn,Climb,US AIRWAYS,VA,4,2,50,140,1
AAL,Dawn,Climb,AMERICAN AIRLINES,DC,4,2,1500,200,1
USA,Day,Climb,US AIRWAYS,PA,4,2,10,150,1
USA,Day,Climb,US AIRWAYS,PA,4,2,50,150,1
USA,Night,Approach,US AIRWAYS,PA,4,2,1200,135,1
PVT,Day,Approach,PRIVATELY OWNED,CA,1,1,1000,120,1
USA,Night,Approach,US AIRWAYS,NY,4,2,150,130,1
AAL,Day,Approach,AMERICAN AIRLINES,IL,4,2,200,133,1
ALO,Day,Approach,ALLEGHENYAIRLINES,PA,3,2,15,100,1
UNK,Day,Approach,UNKNOWN,IL,3,3,40,120,1
0E,Day,Approach,0SHVILLE EAGLE,FL,2,2,500,130,1
BUS,Night,En Route,BUSINESS,TX,3,2,3000,250,1
UNK,Night,Approach,UNKNOWN,MS,2,2,5,100,1
USA,Day,Approach,US AIRWAYS,FL,3,2,100,125,1
AXQ,Day,Approach,ACTION AIRLINES,CT,1,2,10,90,1
USA,Day,Approach,US AIRWAYS,NY,4,2,100,140,1
0E,Night,Approach,0SHVILLE EAGLE,KY,2,2,300,115,1
BUS,Day,Approach,BUSINESS,GA,3,2,11000,290,1
AAL,Day,Approach,AMERICAN AIRLINES,NE,4,3,600,135,1
WWM,Dusk,Approach,WINGS WEST,CA,2,2,1000,130,1
BUS,Day,Approach,BUSINESS,NY,1,1,800,110,1
BUS,Day,Approach,BUSINESS,AL,2,2,1400,140,1
TWA,Day,Climb,TRANS WORLD AIRLINES,MO,4,3,100,125,1
AAL,Night,Approach,AMERICAN AIRLINES,PA,4,2,500,140,1
H0,Day,Climb,HENSON,VA,3,4,300,120,1
UAL,Dusk,Climb,UNITED AIRLINES,KY,4,2,890,140,1
USA,Night,Approach,US AIRWAYS,CA,4,2,200,130,1
SWA,Day,Approach,SOUTHWEST AIRLINES,TX,4,2,2000,140,1
AAL,Dusk,Climb,AMERICAN AIRLINES,NC,4,3,2000,200,1
UCA,Night,Climb,COMMUTAIR,NY,3,2,5000,140,1
USA,Day,Approach,US AIRWAYS,MO,4,2,300,140,1
UNK,Day,Approach,UNKNOWN,KY,3,2,50,100,1
ROA,Day,Approach,RENO AIR,CA,4,2,2,125,1
BUS,Night,Climb,BUSINESS,GA,1,1,10,68,1
USA,Night,Approach,US AIRWAYS,SC,4,2,8000,245,1
AAL,Day,Approach,AMERICAN AIRLINES,TX,4,2,150,135,1
AAL,Night,Approach,AMERICAN AIRLINES,CT,4,2,900,140,1
SWA,Day,Approach,SOUTHWEST AIRLINES,LA,4,2,200,130,1
DAL,Night,Approach,DELTA AIR LINES,DC,4,3,500,140,1
AAL,Day,Climb,AMERICAN AIRLINES,TN,4,2,50,120,1
AAL,Day,Approach,AMERICAN AIRLINES,OK,4,2,1500,130,1
BUS,Day,Approach,BUSINESS,FL,1,1,200,60,1
SWA,Night,Approach,SOUTHWEST AIRLINES,MI,4,2,1000,140,1
DAL,Day,Approach,DELTA AIR LINES,UT,4,2,500,140,1
AAL,Day,Approach,AMERICAN AIRLINES,NE,4,3,30,140,1
BUS,Day,Approach,BUSINESS,RI,1,1,30,65,1
PXX,Day,Approach,PAN AM EXPRESS,NY,3,2,400,105,1
UPS,Night,Approach,UPS AIRLINES,KY,4,3,700,125,1
FLG,Night,Climb,PIN0CLE (FORMERLY EXPSAIRL 1),TN,2,2,7000,160,1
BUS,Day,En Route,BUSINESS,FL,1,1,1600,110,1
AAL,Night,Climb,AMERICAN AIRLINES,TX,4,3,8000,250,1
AWE,Day,Approach,AMERICA WEST AIRLINES,CA,4,2,50,120,1
DAL,Night,Approach,DELTA AIR LINES,GA,4,3,600,138,1
UNK,Night,Approach,UNKNOWN,AL,2,2,3000,160,1
UNK,Day,Approach,UNKNOWN,FL,1,1,1000,80,1
DAL,Day,Climb,DELTA AIR LINES,KY,4,2,2500,180,1
USA,Day,Climb,US AIRWAYS,FL,4,2,50,140,1
DAL,Dawn,Climb,DELTA AIR LINES,TX,4,2,700,160,1
JIA,Night,Approach,PSA AIRLINES,PA,2,2,200,120,1
AAL,Night,Approach,AMERICAN AIRLINES,TX,4,2,2,140,1
BTA,Day,Climb,EXPRESSJET (CONTINENTAL EXPRS),NJ,3,2,15,100,1
SDU,Day,Approach,WESTAIR COMMUTER,CA,4,4,25,111,1
PVT,Day,Climb,PRIVATELY OWNED,TN,1,1,150,100,1
PVT,Day,Climb,PRIVATELY OWNED,FL,1,1,400,100,1
AAL,Dusk,Climb,AMERICAN AIRLINES,MA,4,2,500,140,1
AAL,Day,Climb,AMERICAN AIRLINES,OK,4,2,5,140,1
PXX,Night,Approach,PAN AM EXPRESS,FL,2,2,200,120,1
AAL,Night,Approach,AMERICAN AIRLINES,CA,4,3,400,130,1
AAL,Day,Climb,AMERICAN AIRLINES,AR,4,2,3400,250,1
COA,Day,Climb,CONTINENTAL AIRLINES,FL,4,2,500,150,1
BUS,Day,Approach,BUSINESS,CA,1,1,200,70,1
DAL,Night,Descent,DELTA AIR LINES,NY,4,2,4000,250,1
AAL,Night,Approach,AMERICAN AIRLINES,PA,4,3,4000,230,1
AAL,Dusk,Climb,AMERICAN AIRLINES,MD,4,2,3800,250,1
UNK,Day,Descent,UNKNOWN,FL,1,1,2200,140,1
UNK,Day,Descent,UNKNOWN,MN,2,2,1480,125,1
USA,Day,Climb,US AIRWAYS,MI,4,2,400,180,1
ASQ,Day,Approach,ATLANTIC SOUTHEAST,GA,3,2,1000,130,1
AAL,Night,Descent,AMERICAN AIRLINES,WA,4,2,5500,250,1
AAL,Night,Approach,AMERICAN AIRLINES,MD,4,2,600,135,1
USA,Day,Climb,US AIRWAYS,FL,4,2,75,155,1
PVT,Day,Approach,PRIVATELY OWNED,MS,1,1,400,90,1
UNK,Day,Approach,UNKNOWN,NC,1,1,300,80,1
AAL,Day,Approach,AMERICAN AIRLINES,CA,4,2,7000,250,1
AAL,Day,Climb,AMERICAN AIRLINES,NY,4,3,2800,230,1
AAL,Night,Approach,AMERICAN AIRLINES,NY,4,2,1440,190,1
USA,Day,Approach,US AIRWAYS,FL,4,2,1200,150,1
AAL,Night,Approach,AMERICAN AIRLINES,OK,4,3,4000,160,1
UNK,Day,Descent,UNKNOWN,IN,2,2,3200,180,1
AAL,Day,Approach,AMERICAN AIRLINES,TN,4,2,600,132,1
GLA,Day,Climb,GREAT LAKES AIRLINES,IL,3,2,10,120,1
AAL,Day,Approach,AMERICAN AIRLINES,IA,3,2,50,120,1
AAL,Day,Approach,AMERICAN AIRLINES,TX,4,2,100,135,1
AAL,Night,Approach,AMERICAN AIRLINES,TX,4,3,500,122,1
BUS,Day,Approach,BUSINESS,NY,4,3,100,135,1
FDX,Night,Approach,FEDEX EXPRESS,CA,2,1,1150,120,1
AAL,Dawn,Climb,AMERICAN AIRLINES,OR,4,3,600,150,1
UNK,Day,Approach,UNKNOWN,GA,1,1,150,80,1
GOV,Night,En Route,GOVERNMENT,KS,1,1,500,60,1
BUS,Day,Approach,BUSINESS,OH,3,2,4,108,1
PVT,Day,Approach,PRIVATELY OWNED,PA,1,1,800,90,1
AAL,Day,Approach,AMERICAN AIRLINES,IL,4,2,400,125,1
AAL,Day,Approach,AMERICAN AIRLINES,PA,4,2,100,135,1
AAL,Day,Climb,AMERICAN AIRLINES,KY,4,2,800,180,1
AAL,Day,Approach,AMERICAN AIRLINES,NY,4,2,150,135,1
CPT,Night,Approach,CORPORATE AIR,PA,2,2,3000,150,1
SWA,Day,Approach,SOUTHWEST AIRLINES,TX,4,2,50,135,1
BUS,Day,Approach,BUSINESS,CA,3,2,8,110,1
BUS,Day,Descent,BUSINESS,IN,2,2,4000,160,1
EGF,Day,Climb,AMERICAN EAGLE AIRLINES,IL,3,2,300,130,1
SWA,Night,Descent,SOUTHWEST AIRLINES,OK,4,2,10000,280,1
USA,Dusk,Approach,US AIRWAYS,KY,4,2,1000,160,1
AAL,Day,Approach,AMERICAN AIRLINES,TX,4,2,300,135,1
AAL,Day,Climb,AMERICAN AIRLINES,ID,4,2,20,160,1
BUS,Day,Climb,BUSINESS,IN,1,1,250,95,1
AAL,Day,Climb,AMERICAN AIRLINES,CA,4,3,4000,220,1
USA,Day,Climb,US AIRWAYS,VA,4,2,300,200,1
HAL,Day,Climb,HAWAIIAN AIR,HI,4,2,20,130,1
AAL,Day,Climb,AMERICAN AIRLINES,LA,4,3,10,125,1
UPS,Dawn,Descent,UPS AIRLINES,AL,4,3,300,140,1
AAL,Day,Approach,AMERICAN AIRLINES,CA,4,2,3500,180,1
USA,Day,Climb,US AIRWAYS,FL,4,2,75,160,1
FLG,Night,Climb,PIN0CLE (FORMERLY EXPSAIRL 1),TN,3,2,4000,200,1
UNK,Day,Climb,UNKNOWN,CA,1,1,700,85,1
BUS,Day,Approach,BUSINESS,GA,3,2,2000,180,1
BUS,Night,Approach,BUSINESS,NY,4,4,1800,170,1
0E,Night,Approach,0SHVILLE EAGLE,DC,3,2,600,130,1
USA,Day,Approach,US AIRWAYS,VA,4,2,300,140,1
BUS,Day,Approach,BUSINESS,TN,2,2,20,120,1
BUS,Day,Climb,BUSINESS,FL,3,2,500,175,1
DAL,Day,Approach,DELTA AIR LINES,KY,4,2,100,150,1
AAL,Day,Climb,AMERICAN AIRLINES,OH,4,2,60,140,1
UAL,Day,Climb,UNITED AIRLINES,IL,4,2,10,140,1
UNK,Day,Approach,UNKNOWN,NJ,2,2,10,140,1
BTA,Night,Approach,EXPRESSJET (CONTINENTAL EXPRS),TX,3,2,2000,200,1
AWE,Night,Climb,AMERICA WEST AIRLINES,MD,4,2,2500,230,1
AWE,Night,Approach,AMERICA WEST AIRLINES,IA,4,2,50,130,1
COA,Day,Approach,CONTINENTAL AIRLINES,IL,4,3,50,130,1
USA,Night,Approach,US AIRWAYS,NY,4,2,1200,140,1
BUS,Day,Approach,BUSINESS,IA,2,2,1740,120,1
SWA,Day,Approach,SOUTHWEST AIRLINES,OK,4,2,900,135,1
BUS,Day,Approach,BUSINESS,PA,1,1,50,70,1
AAL,Day,Approach,AMERICAN AIRLINES,OH,4,2,90,140,1
AAL,Dawn,Climb,AMERICAN AIRLINES,AR,4,2,100,130,1
AMF,Night,Descent,AMERIFLIGHT,IL,2,2,5000,210,1
SDU,Night,Climb,WESTAIR COMMUTER,CA,3,2,200,140,1
BUS,Day,Approach,BUSINESS,IA,2,2,1400,175,1
PVT,Night,En Route,PRIVATELY OWNED,NJ,1,1,1900,135,1
PVT,Day,Climb,PRIVATELY OWNED,FL,1,1,1500,115,1
USA,Dawn,Climb,US AIRWAYS,DC,4,2,100,180,1
AAL,Night,Approach,AMERICAN AIRLINES,TX,4,3,700,135,1
BUS,Night,Approach,BUSINESS,TX,2,2,3000,200,1
BUS,Dawn,Approach,BUSINESS,KY,2,2,3,100,1
COA,Day,Approach,CONTINENTAL AIRLINES,VA,4,2,300,150,1
BUS,Day,Climb,BUSINESS,CA,2,2,5,115,1
AAL,Day,Approach,AMERICAN AIRLINES,UT,4,2,10,130,1
ABX,Night,Approach,ABX AIR (was AIRBORNE EXPRESS),NE,4,2,30,180,1
AAL,Day,Climb,AMERICAN AIRLINES,TX,4,3,2500,195,1
AAL,Night,Approach,AMERICAN AIRLINES,PR,4,2,100,142,1
USA,Day,Approach,US AIRWAYS,NC,4,3,75,135,1
AAL,Night,Climb,AMERICAN AIRLINES,TX,4,2,5400,250,1
AAL,Day,Approach,AMERICAN AIRLINES,TX,4,3,200,130,1
FLG,Day,Approach,PIN0CLE (FORMERLY EXPSAIRL 1),MS,3,2,50,125,1
COA,Night,Approach,CONTINENTAL AIRLINES,NJ,4,2,2000,180,1
MDW,Day,Approach,MIDWAY AIRLINES,GA,4,2,975,180,1
AAL,Day,Approach,AMERICAN AIRLINES,TX,4,2,1000,140,1
AAL,Day,Climb,AMERICAN AIRLINES,OK,4,2,100,180,1
AAL,Night,Approach,AMERICAN AIRLINES,CT,4,2,1000,150,1
AMF,Day,Climb,AMERIFLIGHT,CA,2,2,6500,130,1
AAH*,Day,Climb,ALOHA AIRLINES,HI,4,2,100,130,1
USA,Day,En Route,US AIRWAYS,FL,4,2,11000,250,1
SWA,Night,Climb,SOUTHWEST AIRLINES,TX,4,2,10500,260,1
0E,Day,Approach,0SHVILLE EAGLE,NY,3,2,2000,220,1
ACA,Day,Approach,AIR CA0DA,NY,4,2,30,130,1
AAL,Dawn,Climb,AMERICAN AIRLINES,CA,4,2,100,150,1
AAL,Day,Approach,AMERICAN AIRLINES,IL,4,3,200,140,1
PDT,Night,Approach,PIEDMONT AIRLINES,VA,1,1,3800,90,1
AAL,Day,Approach,AMERICAN AIRLINES,MO,4,3,300,135,1
MDW,Night,Approach,MIDWAY AIRLINES,PA,4,2,1800,140,1
AWI,Day,Climb,AIR WISCONSIN AIRLINES,DC,4,4,1200,180,1
USA,Day,Climb,US AIRWAYS,CA,4,4,50,115,1
MES,Day,Approach,MESABA AIRLINES,PA,2,2,500,140,1
USA,Night,Approach,US AIRWAYS,NY,4,2,150,145,1
AAL,Night,Approach,AMERICAN AIRLINES,TX,4,2,40,120,1
AAL,Day,Approach,AMERICAN AIRLINES,TX,4,3,50,135,1
AAL,Day,Climb,AMERICAN AIRLINES,ME,3,2,2000,250,1
AAL,Day,Climb,AMERICAN AIRLINES,FL,4,2,1000,180,1
AAL,Night,Approach,AMERICAN AIRLINES,DC,4,2,1485,160,1
AAL,Night,Approach,AMERICAN AIRLINES,AR,4,2,1800,160,1
BUS,Day,Approach,BUSINESS,MI,3,2,200,115,1
USA,Night,Descent,US AIRWAYS,DC,4,2,3000,200,1
BKA,Day,Approach,BANKAIR,NC,1,2,15,90,1
UNK,Day,Climb,UNKNOWN,TX,3,2,50,110,1
DAL,Night,Approach,DELTA AIR LINES,AL,4,2,2600,190,1
AAL,Night,Approach,AMERICAN AIRLINES,DC,4,2,1000,140,1
NWA,Night,Approach,NORTHWEST AIRLINES,NY,4,2,500,130,1
MTN,Night,En Route,MOUNTAIN AIR CARGO,NC,2,1,3000,142,1
LOF,Day,Climb,TRANS STATES AIRLINES,MO,2,2,2400,190,1
DAL,Dusk,Approach,DELTA AIR LINES,GA,4,3,50,130,1
GOV,Day,En Route,GOVERNMENT,FL,1,1,300,80,1
USA,Day,Climb,US AIRWAYS,VA,4,2,200,200,1
UPS,Dawn,Approach,UPS AIRLINES,GA,4,3,50,120,1
UAL,Day,Approach,UNITED AIRLINES,MD,4,3,200,135,1
UAL,Day,Approach,UNITED AIRLINES,NH,4,2,50,135,1
NWA,Day,Climb,NORTHWEST AIRLINES,MN,4,4,100,150,1
AAL,Day,Approach,AMERICAN AIRLINES,CA,4,2,25,110,1
PVT,Night,En Route,PRIVATELY OWNED,CA,1,1,700,75,1
AAL,Day,Approach,AMERICAN AIRLINES,LA,4,2,200,125,1
AAL,Night,Approach,AMERICAN AIRLINES,CA,4,2,10400,260,1
AAL,Day,Climb,AMERICAN AIRLINES,DC,4,2,100,160,1
EGF,Day,Approach,AMERICAN EAGLE AIRLINES,PA,3,2,400,130,1
AWB,Day,En Route,AIRWAYS INTL,FL,2,2,2000,160,1
AWE,Dusk,Approach,AMERICA WEST AIRLINES,GA,4,2,50,120,1
MTR,Day,Descent,METROFLIGHT,TX,2,2,2500,190,1
BUS,Day,Approach,BUSINESS,MS,1,2,30,100,1
BUS,Night,Approach,BUSINESS,MO,4,2,2000,210,1
TWA,Night,Approach,TRANS WORLD AIRLINES,KY,4,2,75,130,1
AAL,Night,Approach,AMERICAN AIRLINES,LA,4,3,1100,180,1
BUS,Day,Climb,BUSINESS,CT,2,2,300,125,1
BUS,Day,Climb,BUSINESS,NY,3,2,400,120,1
AAL,Night,Approach,AMERICAN AIRLINES,CA,4,2,500,116,1
AAL,Day,Descent,AMERICAN AIRLINES,TX,4,2,6000,210,1
NWA,Day,Climb,NORTHWEST AIRLINES,VA,4,2,100,180,1
BTA,Day,Climb,EXPRESSJET (CONTINENTAL EXPRS),TX,3,2,400,150,1
AAL,Night,Approach,AMERICAN AIRLINES,TX,4,2,800,160,1
DAL,Day,Approach,DELTA AIR LINES,GA,4,2,50,120,1
AAL,Day,Climb,AMERICAN AIRLINES,FL,4,3,1700,200,1
AWE,Day,Approach,AMERICA WEST AIRLINES,OH,4,2,200,120,1
AAL,Day,Approach,AMERICAN AIRLINES,TX,4,3,500,137,1
GOV,Night,En Route,GOVERNMENT,MD,2,1,1500,140,1
SWA,Day,Approach,SOUTHWEST AIRLINES,TX,4,2,1800,150,1
BUS,Day,Approach,BUSINESS,OH,3,2,50,120,1
BUS,Night,En Route,BUSINESS,WA,2,2,8000,170,1
BUS,Day,Climb,BUSINESS,TN,2,2,1800,190,1
AAL,Day,Climb,AMERICAN AIRLINES,FL,4,3,16000,300,1
GOV,Day,Approach,GOVERNMENT,CT,4,2,25,90,1
AAL,Night,Approach,AMERICAN AIRLINES,NY,4,3,2000,170,1
MRK,Dusk,Climb,MARKAIR,AK,1,1,500,100,1
H0,Day,Climb,HENSON,VA,3,2,125,110,1
USA,Dusk,Descent,US AIRWAYS,TN,4,2,300,135,1
DAL,Night,Approach,DELTA AIR LINES,FL,4,2,1500,160,1
BUS,Day,Approach,BUSINESS,CA,1,1,10,65,1
AAL,Day,Climb,AMERICAN AIRLINES,IL,4,2,50,145,1
BUS,Day,Approach,BUSINESS,HI,4,4,900,150,1
UNK,Day,Approach,UNKNOWN,FL,2,2,50,110,1
BUS,Day,Climb,BUSINESS,FL,3,2,500,170,1
UAL,Night,Approach,UNITED AIRLINES,NJ,4,3,1100,160,1
AAL,Night,Approach,AMERICAN AIRLINES,NC,4,3,1000,145,1
BUS,Day,Approach,BUSINESS,OR,1,2,300,115,1
AAL,Night,Approach,AMERICAN AIRLINES,MA,4,2,3000,170,1
BUS,Night,Approach,BUSINESS,FL,3,2,500,150,1
NWA,Night,Approach,NORTHWEST AIRLINES,IA,4,2,1640,170,1
SWA,Night,Climb,SOUTHWEST AIRLINES,OK,4,2,10,160,1
BTA,Night,Approach,EXPRESSJET (CONTINENTAL EXPRS),TX,3,2,2500,230,1
AAL,Night,Approach,AMERICAN AIRLINES,PA,4,2,1200,160,1
USA,Day,Approach,US AIRWAYS,VA,4,2,2000,250,1
USA,Day,Approach,US AIRWAYS,PA,4,2,1500,130,1
AAL,Day,Approach,AMERICAN AIRLINES,TX,4,2,100,135,1
PHD,Day,Approach,DUNCAN AVIATION,NE,3,2,50,125,1
USA,Day,Approach,US AIRWAYS,VA,4,2,80,95,1
AAL,Day,Climb,AMERICAN AIRLINES,NV,4,2,50,150,1
0E,Dawn,Climb,0SHVILLE EAGLE,TX,3,2,400,135,1
BUS,Day,Climb,BUSINESS,FL,2,2,50,105,1
BUS,Day,Approach,BUSINESS,PA,1,1,30,90,1
USA,Day,Climb,US AIRWAYS,MA,4,2,1,130,1
FLG,Day,Approach,PIN0CLE (FORMERLY EXPSAIRL 1),TN,3,2,500,130,1
AAL,Day,Approach,AMERICAN AIRLINES,MD,4,2,200,140,1
USA,Day,Climb,US AIRWAYS,MD,4,2,500,165,1
BUS,Day,Approach,BUSINESS,IN,2,2,10,110,1
USA,Night,Descent,US AIRWAYS,NY,4,2,6500,210,1
UNK,Day,Climb,UNKNOWN,FL,1,1,600,110,1
AAL,Day,Climb,AMERICAN AIRLINES,TN,4,2,600,160,1
AAL,Dusk,Approach,AMERICAN AIRLINES,IL,4,2,200,135,1
AAL,Day,Approach,AMERICAN AIRLINES,OR,4,2,100,130,1
AMW,Night,Climb,AIR MIDWEST,IA,3,2,4000,250,1
BUS,Night,En Route,BUSINESS,DC,1,1,150,110,1
PVT,Day,En Route,PRIVATELY OWNED,NJ,1,1,900,85,1
AAL,Day,Climb,AMERICAN AIRLINES,TN,4,2,6400,250,1
DAL,Day,Approach,DELTA AIR LINES,FL,4,2,21,131,1
BUS,Dusk,Approach,BUSINESS,MI,3,2,100,95,1
JAL,Day,Approach,JAPAN AIRLINES,WA,5,4,1800,180,1
FSX,Dusk,Approach,FLAGSHIP EXPRESS,AL,3,2,1500,140,1
AAL,Night,Approach,AMERICAN AIRLINES,IL,4,2,50,130,1
EGF,Night,Approach,AMERICAN EAGLE AIRLINES,WI,3,2,3,180,1
COA,Day,Approach,CONTINENTAL AIRLINES,FL,4,2,150,135,1
USA,Day,Approach,US AIRWAYS,FL,4,2,30,140,1
AAL,Day,Approach,AMERICAN AIRLINES,TX,4,2,400,140,1
USA,Day,Approach,US AIRWAYS,QC,4,2,10,125,1
AAL,Night,Climb,AMERICAN AIRLINES,TX,4,3,1300,180,1
AAL,Night,Approach,AMERICAN AIRLINES,VA,4,2,500,160,1
PVT,Day,Approach,PRIVATELY OWNED,MI,2,2,50,100,1
BUS,Dawn,Approach,BUSINESS,PA,2,2,1500,120,1
USA,Night,Approach,US AIRWAYS,MD,4,2,2000,28,1
BUS,Day,Approach,BUSINESS,TN,1,1,1700,85,1
USA,Day,Approach,US AIRWAYS,PA,4,2,13,135,1
BUS,Night,Descent,BUSINESS,WI,2,2,2000,180,1
AWE,Day,Climb,AMERICA WEST AIRLINES,MO,4,2,900,170,1
AAL,Day,Approach,AMERICAN AIRLINES,OH,4,2,50,130,1
AAL,Day,Approach,AMERICAN AIRLINES,NC,4,2,300,130,1
PVT,Night,Approach,PRIVATELY OWNED,CO,1,1,1200,100,1
AAL,Dusk,Approach,AMERICAN AIRLINES,CA,4,2,50,130,1
AJC,Dawn,Approach,BAR HARBOR AIRLINES,FL,3,2,300,130,1
AAL,Day,Approach,AMERICAN AIRLINES,TX,4,2,2500,200,1
UNK,Day,En Route,UNKNOWN,AK,1,1,650,95,1
BTA,Dusk,En Route,EXPRESSJET (CONTINENTAL EXPRS),TX,3,2,9000,280,1
AAL,Night,Climb,AMERICAN AIRLINES,TN,4,2,400,170,1
AAL,Day,Approach,AMERICAN AIRLINES,TX,4,2,400,130,1
AAL,Night,Climb,AMERICAN AIRLINES,IL,4,3,3000,250,1
AAL,Night,Approach,AMERICAN AIRLINES,KS,4,3,2000,180,1
USA,Night,Approach,US AIRWAYS,FL,4,2,50,125,1
SWA,Day,Approach,SOUTHWEST AIRLINES,NV,4,2,6500,250,1
JAL,Dusk,Approach,JAPAN AIRLINES,WA,4,3,600,152,1
EGF,Dusk,Approach,AMERICAN EAGLE AIRLINES,FL,3,2,5,100,1
ASQ,Dusk,Approach,ATLANTIC SOUTHEAST,GA,3,2,300,120,1
DAL,Day,Approach,DELTA AIR LINES,ME,4,2,3,135,1
TWA,Day,Climb,TRANS WORLD AIRLINES,MO,4,3,1000,110,1
PAA,Day,Approach,PAN AM,OH,4,3,1000,145,1
PAA,Dusk,Approach,PAN AM,NY,4,3,50,132,1
UAL,Day,Approach,UNITED AIRLINES,IN,4,3,1000,120,1
COA,Day,Approach,CONTINENTAL AIRLINES,NJ,3,2,400,120,1
UNK,Day,Climb,UNKNOWN,TX,4,2,200,150,1
PVT,Day,Approach,PRIVATELY OWNED,VA,1,1,45,70,1
USA,Night,Climb,US AIRWAYS,PA,4,2,9000,250,1
BUS,Night,Climb,BUSINESS,FL,3,2,200,200,1
AAL,Night,Approach,AMERICAN AIRLINES,TN,4,3,6000,210,1
DAL,Dawn,Approach,DELTA AIR LINES,PA,4,2,100,129,1
USA,Night,Climb,US AIRWAYS,NC,4,2,10000,250,1
USA,Day,Approach,US AIRWAYS,PA,4,2,600,145,1
PVT,Day,Approach,PRIVATELY OWNED,CA,1,1,300,90,1
USA,Night,Approach,US AIRWAYS,PA,4,2,1203,250,1
USA,Day,Climb,US AIRWAYS,CA,4,2,3000,230,1
AAL,Dusk,Approach,AMERICAN AIRLINES,DC,4,3,100,140,1
AAL,Night,Approach,AMERICAN AIRLINES,TN,4,2,500,130,1
AAL,Day,Climb,AMERICAN AIRLINES,IN,4,2,25,150,1
USA,Day,Descent,US AIRWAYS,NC,4,2,5000,250,1
AAL,Day,Climb,AMERICAN AIRLINES,TX,4,3,9500,250,1
AAL,Night,Approach,AMERICAN AIRLINES,NC,4,2,1500,160,1
AAL,Day,Approach,AMERICAN AIRLINES,MS,4,3,200,150,1
UPS,Night,Approach,UPS AIRLINES,KY,4,4,10,147,1
AAL,Day,Approach,AMERICAN AIRLINES,TX,4,2,800,140,1
H0,Night,Approach,HENSON,PA,3,2,2000,140,1
FLG,Night,Climb,PIN0CLE (FORMERLY EXPSAIRL 1),TN,2,2,2800,200,1
AAL,Night,Approach,AMERICAN AIRLINES,MO,4,2,300,140,1
UPS,Night,Approach,UPS AIRLINES,KY,4,4,2000,140,1
USA,Night,Approach,US AIRWAYS,PA,4,2,500,140,1
AAL,Night,Approach,AMERICAN AIRLINES,NC,4,3,5000,230,1
AIT,Dawn,Approach,AMERICAN INTL AIRWAYS,GA,4,4,1000,160,1
CHQ,Day,Approach,CHAUTAUQUA AIRLINES,PA,3,2,1300,170,1
MEP,Day,Approach,MIDWEST AIRLINES,PA,4,2,800,130,1
BUS,Day,Approach,BUSINESS,CT,3,2,15,105,1
BUS,Night,Approach,BUSINESS,NJ,1,1,3,80,1
EGF,Night,Approach,AMERICAN EAGLE AIRLINES,LA,3,2,2000,160,1
AAL,Day,Approach,AMERICAN AIRLINES,TX,4,2,1500,180,1
PVT,Day,En Route,PRIVATELY OWNED,MI,1,1,600,70,1
SDU,Night,En Route,WESTAIR COMMUTER,CA,2,2,6000,190,1
PHM,Day,En Route,PETROLEUM HELICOPTERS,LA,2,1,1500,125,1
SWA,Day,Approach,SOUTHWEST AIRLINES,MO,4,2,900,140,1
SWA,Day,Climb,SOUTHWEST AIRLINES,TX,4,2,300,150,1
AAL,Night,Climb,AMERICAN AIRLINES,IL,4,2,6000,250,1
DAL,Night,Approach,DELTA AIR LINES,NY,4,3,4000,250,1
UPS,Night,Approach,UPS AIRLINES,KY,4,3,3,110,1
COA,Night,Approach,CONTINENTAL AIRLINES,WA,4,2,5,110,1
PAA,Night,Approach,PAN AM,KY,4,3,500,140,1
AAL,Day,Approach,AMERICAN AIRLINES,CA,4,2,100,125,1
BUS,Dawn,Approach,BUSINESS,AL,2,1,50,95,1
MDW,Day,Approach,MIDWAY AIRLINES,IL,4,2,380,130,1
USA,Day,Approach,US AIRWAYS,NJ,4,2,300,125,1
USA,Night,Approach,US AIRWAYS,OH,4,2,600,140,1
BTA,Night,Approach,EXPRESSJET (CONTINENTAL EXPRS),NY,3,2,500,120,1
GOV,Night,En Route,GOVERNMENT,AR,1,1,2000,120,1
UAL,Night,Climb,UNITED AIRLINES,IL,4,3,5,120,1
SWA,Day,Climb,SOUTHWEST AIRLINES,TX,4,2,3500,210,1
AAL,Night,Approach,AMERICAN AIRLINES,UT,4,2,400,130,1
BUS,Day,Climb,BUSINESS,WI,1,1,25,75,1
FLG,Day,Climb,PIN0CLE (FORMERLY EXPSAIRL 1),TN,3,2,3000,240,1
UNK,Night,Climb,UNKNOWN,MD,1,1,40,140,1
SWA,Day,Climb,SOUTHWEST AIRLINES,IL,4,2,50,140,1
BUS,Dusk,Approach,BUSINESS,CT,2,2,250,110,1
UAL,Day,Approach,UNITED AIRLINES,NE,4,2,50,146,1
AAL,Day,Climb,AMERICAN AIRLINES,TN,4,2,30,150,1
DAL,Night,Approach,DELTA AIR LINES,FL,4,2,300,140,1
SWA,Night,Climb,SOUTHWEST AIRLINES,TX,4,2,2000,200,1
SWA,Night,Approach,SOUTHWEST AIRLINES,CA,4,2,1500,140,1
LHN,Night,Climb,EXPRESS ONE INTL,GA,4,2,1700,200,1
COA,Day,Approach,CONTINENTAL AIRLINES,NJ,4,2,1500,160,1
BUS,Day,Approach,BUSINESS,VA,3,2,60,140,1
EGF,Day,Approach,AMERICAN EAGLE AIRLINES,NY,3,2,20,110,1
DAL,Night,Approach,DELTA AIR LINES,TN,4,3,20,120,1
USA,Day,Approach,US AIRWAYS,FL,4,2,500,142,1
AAL,Day,Approach,AMERICAN AIRLINES,CA,4,2,700,140,1
HAL,Dawn,Approach,HAWAIIAN AIR,NV,4,3,50,145,1
AAL,Dusk,Climb,AMERICAN AIRLINES,TN,4,2,10,145,1
NWA,Night,Descent,NORTHWEST AIRLINES,MI,4,3,8600,250,1
AAL,Night,Descent,AMERICAN AIRLINES,CA,4,2,10000,260,1
UPS,Night,Approach,UPS AIRLINES,KY,4,4,500,140,1
USA,Day,Climb,US AIRWAYS,FL,4,2,50,125,1
BUS,Day,Approach,BUSINESS,RI,3,2,25,160,1
BUS,Dusk,Approach,BUSINESS,MI,2,2,25,115,1
SWA,Night,Approach,SOUTHWEST AIRLINES,TX,4,2,3000,250,1
BUS,Night,En Route,BUSINESS,CT,1,1,1000,95,1
AAL,Day,Approach,AMERICAN AIRLINES,TX,4,3,4000,200,1
EPS,Night,Descent,EPPS AVIATION CHARTER,NJ,2,2,4500,250,1
USA,Day,Approach,US AIRWAYS,NY,4,2,20,110,1
AAL,Night,Descent,AMERICAN AIRLINES,NJ,4,2,3000,250,1
AAL,Day,Climb,AMERICAN AIRLINES,MO,4,2,10,135,1
USA,Day,Descent,US AIRWAYS,FL,4,2,5000,250,1
AAL,Day,Approach,AMERICAN AIRLINES,NC,4,2,900,120,1
SWA,Day,Approach,SOUTHWEST AIRLINES,CA,4,2,1000,150,1
AAL,Day,Approach,AMERICAN AIRLINES,TX,4,2,300,132,1
AAL,Night,Approach,AMERICAN AIRLINES,TX,4,3,2000,145,1
BUS,Dusk,Approach,BUSINESS,CT,2,2,10,100,1
AAL,Day,Approach,AMERICAN AIRLINES,CA,4,2,200,130,1
ROA,Day,Approach,RENO AIR,WA,4,2,10,135,1
AAL,Day,Approach,AMERICAN AIRLINES,AL,4,2,500,130,1
DAL,Night,Descent,DELTA AIR LINES,KY,4,3,100,140,1
AAL,Night,Approach,AMERICAN AIRLINES,MN,4,2,1500,230,1
TWA,Night,Climb,TRANS WORLD AIRLINES,MO,4,3,1500,210,1
AAL,Night,Approach,AMERICAN AIRLINES,CA,4,2,8500,210,1
SWA,Night,Approach,SOUTHWEST AIRLINES,CA,4,2,1000,140,1
BUS,Day,Approach,BUSINESS,KS,3,2,50,130,1
AAL,Day,Approach,AMERICAN AIRLINES,NC,4,2,100,125,1
WWM,Day,Descent,WINGS WEST,CA,3,2,8000,200,1
FSX,Dawn,Climb,FLAGSHIP EXPRESS,TN,3,2,350,200,1
BUS,Day,Climb,BUSINESS,UT,4,2,4000,240,1
TWA,Night,Approach,TRANS WORLD AIRLINES,WA,4,2,500,131,1
